infolder, /export/home/dlwoodruff/Documents/FireSimulator/Instances/400CellsDLW/nowindnoslope, ReplicateNum, 1, seed, 7734, ROSCV, 0.13, MeanBurnout, 3, CellArea, 1000000.0, NCells, 400, Burntcells, 1, NonBurnable, 0, StillAvailableCells, 399, SimYears, 1, fireperiods1, 3
infolder, /export/home/dlwoodruff/Documents/FireSimulator/Instances/400CellsDLW/nowindnoslope, ReplicateNum, 2, seed, 7734, ROSCV, 0.13, MeanBurnout, 3, CellArea, 1000000.0, NCells, 400, Burntcells, 1, NonBurnable, 0, StillAvailableCells, 399, SimYears, 1, fireperiods1, 5
infolder, /export/home/dlwoodruff/Documents/FireSimulator/Instances/400CellsDLW/nowindnoslope, ReplicateNum, 3, seed, 7734, ROSCV, 0.13, MeanBurnout, 3, CellArea, 1000000.0, NCells, 400, Burntcells, 1, NonBurnable, 0, StillAvailableCells, 399, SimYears, 1, fireperiods1, 4
infolder, /export/home/dlwoodruff/Documents/FireSimulator/Instances/400CellsDLW/nowindnoslope, ReplicateNum, 4, seed, 7734, ROSCV, 0.13, MeanBurnout, 3, CellArea, 1000000.0, NCells, 400, Burntcells, 1, NonBurnable, 0, StillAvailableCells, 399, SimYears, 1, fireperiods1, 5
infolder, /export/home/dlwoodruff/Documents/FireSimulator/Instances/400CellsDLW/nowindnoslope, ReplicateNum, 5, seed, 7734, ROSCV, 0.13, MeanBurnout, 3, CellArea, 1000000.0, NCells, 400, Burntcells, 1, NonBurnable, 0, StillAvailableCells, 399, SimYears, 1, fireperiods1, 2
infolder, /export/home/dlwoodruff/Documents/FireSimulator/Instances/400CellsDLW/nowindnoslope, ReplicateNum, 6, seed, 7734, ROSCV, 0.13, MeanBurnout, 3, CellArea, 1000000.0, NCells, 400, Burntcells, 399, NonBurnable, 0, StillAvailableCells, 1, SimYears, 1, fireperiods1, 194
infolder, /export/home/dlwoodruff/Documents/FireSimulator/Instances/400CellsDLW/nowindnoslope, ReplicateNum, 7, seed, 7734, ROSCV, 0.13, MeanBurnout, 3, CellArea, 1000000.0, NCells, 400, Burntcells, 1, NonBurnable, 0, StillAvailableCells, 399, SimYears, 1, fireperiods1, 2
infolder, /export/home/dlwoodruff/Documents/FireSimulator/Instances/400CellsDLW/nowindnoslope, ReplicateNum, 8, seed, 7734, ROSCV, 0.13, MeanBurnout, 3, CellArea, 1000000.0, NCells, 400, Burntcells, 1, NonBurnable, 0, StillAvailableCells, 399, SimYears, 1, fireperiods1, 3
infolder, /export/home/dlwoodruff/Documents/FireSimulator/Instances/400CellsDLW/nowindnoslope, ReplicateNum, 9, seed, 7734, ROSCV, 0.13, MeanBurnout, 3, CellArea, 1000000.0, NCells, 400, Burntcells, 1, NonBurnable, 0, StillAvailableCells, 399, SimYears, 1, fireperiods1, 3
infolder, /export/home/dlwoodruff/Documents/FireSimulator/Instances/400CellsDLW/nowindnoslope, ReplicateNum, 10, seed, 7734, ROSCV, 0.13, MeanBurnout, 3, CellArea, 1000000.0, NCells, 400, Burntcells, 1, NonBurnable, 0, StillAvailableCells, 399, SimYears, 1, fireperiods1, 2
infolder, /export/home/dlwoodruff/Documents/FireSimulator/Instances/400CellsDLW/nowindnoslope, ReplicateNum, 11, seed, 7734, ROSCV, 0.13, MeanBurnout, 3, CellArea, 1000000.0, NCells, 400, Burntcells, 1, NonBurnable, 0, StillAvailableCells, 399, SimYears, 1, fireperiods1, 2
infolder, /export/home/dlwoodruff/Documents/FireSimulator/Instances/400CellsDLW/nowindnoslope, ReplicateNum, 12, seed, 7734, ROSCV, 0.13, MeanBurnout, 3, CellArea, 1000000.0, NCells, 400, Burntcells, 1, NonBurnable, 0, StillAvailableCells, 399, SimYears, 1, fireperiods1, 3
infolder, /export/home/dlwoodruff/Documents/FireSimulator/Instances/400CellsDLW/nowindnoslope, ReplicateNum, 13, seed, 7734, ROSCV, 0.13, MeanBurnout, 3, CellArea, 1000000.0, NCells, 400, Burntcells, 1, NonBurnable, 0, StillAvailableCells, 399, SimYears, 1, fireperiods1, 3
infolder, /export/home/dlwoodruff/Documents/FireSimulator/Instances/400CellsDLW/nowindnoslope, ReplicateNum, 14, seed, 7734, ROSCV, 0.13, MeanBurnout, 3, CellArea, 1000000.0, NCells, 400, Burntcells, 1, NonBurnable, 0, StillAvailableCells, 399, SimYears, 1, fireperiods1, 4
infolder, /export/home/dlwoodruff/Documents/FireSimulator/Instances/400CellsDLW/nowindnoslope, ReplicateNum, 15, seed, 7734, ROSCV, 0.13, MeanBurnout, 3, CellArea, 1000000.0, NCells, 400, Burntcells, 1, NonBurnable, 0, StillAvailableCells, 399, SimYears, 1, fireperiods1, 3
infolder, /export/home/dlwoodruff/Documents/FireSimulator/Instances/400CellsDLW/nowindnoslope, ReplicateNum, 16, seed, 7734, ROSCV, 0.13, MeanBurnout, 3, CellArea, 1000000.0, NCells, 400, Burntcells, 1, NonBurnable, 0, StillAvailableCells, 399, SimYears, 1, fireperiods1, 3
infolder, /export/home/dlwoodruff/Documents/FireSimulator/Instances/400CellsDLW/nowindnoslope, ReplicateNum, 17, seed, 7734, ROSCV, 0.13, MeanBurnout, 3, CellArea, 1000000.0, NCells, 400, Burntcells, 1, NonBurnable, 0, StillAvailableCells, 399, SimYears, 1, fireperiods1, 3
infolder, /export/home/dlwoodruff/Documents/FireSimulator/Instances/400CellsDLW/nowindnoslope, ReplicateNum, 18, seed, 7734, ROSCV, 0.13, MeanBurnout, 3, CellArea, 1000000.0, NCells, 400, Burntcells, 1, NonBurnable, 0, StillAvailableCells, 399, SimYears, 1, fireperiods1, 3
infolder, /export/home/dlwoodruff/Documents/FireSimulator/Instances/400CellsDLW/nowindnoslope, ReplicateNum, 19, seed, 7734, ROSCV, 0.13, MeanBurnout, 3, CellArea, 1000000.0, NCells, 400, Burntcells, 1, NonBurnable, 0, StillAvailableCells, 399, SimYears, 1, fireperiods1, 4
infolder, /export/home/dlwoodruff/Documents/FireSimulator/Instances/400CellsDLW/nowindnoslope, ReplicateNum, 20, seed, 7734, ROSCV, 0.13, MeanBurnout, 3, CellArea, 1000000.0, NCells, 400, Burntcells, 1, NonBurnable, 0, StillAvailableCells, 399, SimYears, 1, fireperiods1, 3
infolder, /export/home/dlwoodruff/Documents/FireSimulator/Instances/400CellsDLW/nowindnoslope, ReplicateNum, 21, seed, 7734, ROSCV, 0.13, MeanBurnout, 3, CellArea, 1000000.0, NCells, 400, Burntcells, 1, NonBurnable, 0, StillAvailableCells, 399, SimYears, 1, fireperiods1, 5
infolder, /export/home/dlwoodruff/Documents/FireSimulator/Instances/400CellsDLW/nowindnoslope, ReplicateNum, 22, seed, 7734, ROSCV, 0.13, MeanBurnout, 3, CellArea, 1000000.0, NCells, 400, Burntcells, 356, NonBurnable, 0, StillAvailableCells, 44, SimYears, 1, fireperiods1, 193
infolder, /export/home/dlwoodruff/Documents/FireSimulator/Instances/400CellsDLW/nowindnoslope, ReplicateNum, 23, seed, 7734, ROSCV, 0.13, MeanBurnout, 3, CellArea, 1000000.0, NCells, 400, Burntcells, 1, NonBurnable, 0, StillAvailableCells, 399, SimYears, 1, fireperiods1, 5
infolder, /export/home/dlwoodruff/Documents/FireSimulator/Instances/400CellsDLW/nowindnoslope, ReplicateNum, 24, seed, 7734, ROSCV, 0.13, MeanBurnout, 3, CellArea, 1000000.0, NCells, 400, Burntcells, 1, NonBurnable, 0, StillAvailableCells, 399, SimYears, 1, fireperiods1, 3
infolder, /export/home/dlwoodruff/Documents/FireSimulator/Instances/400CellsDLW/nowindnoslope, ReplicateNum, 25, seed, 7734, ROSCV, 0.13, MeanBurnout, 3, CellArea, 1000000.0, NCells, 400, Burntcells, 1, NonBurnable, 0, StillAvailableCells, 399, SimYears, 1, fireperiods1, 2
infolder, /export/home/dlwoodruff/Documents/FireSimulator/Instances/400CellsDLW/nowindnoslope, ReplicateNum, 26, seed, 7734, ROSCV, 0.13, MeanBurnout, 3, CellArea, 1000000.0, NCells, 400, Burntcells, 1, NonBurnable, 0, StillAvailableCells, 399, SimYears, 1, fireperiods1, 5
infolder, /export/home/dlwoodruff/Documents/FireSimulator/Instances/400CellsDLW/nowindnoslope, ReplicateNum, 27, seed, 7734, ROSCV, 0.13, MeanBurnout, 3, CellArea, 1000000.0, NCells, 400, Burntcells, 1, NonBurnable, 0, StillAvailableCells, 399, SimYears, 1, fireperiods1, 2
infolder, /export/home/dlwoodruff/Documents/FireSimulator/Instances/400CellsDLW/nowindnoslope, ReplicateNum, 28, seed, 7734, ROSCV, 0.13, MeanBurnout, 3, CellArea, 1000000.0, NCells, 400, Burntcells, 1, NonBurnable, 0, StillAvailableCells, 399, SimYears, 1, fireperiods1, 2
infolder, /export/home/dlwoodruff/Documents/FireSimulator/Instances/400CellsDLW/nowindnoslope, ReplicateNum, 29, seed, 7734, ROSCV, 0.13, MeanBurnout, 3, CellArea, 1000000.0, NCells, 400, Burntcells, 1, NonBurnable, 0, StillAvailableCells, 399, SimYears, 1, fireperiods1, 2
infolder, /export/home/dlwoodruff/Documents/FireSimulator/Instances/400CellsDLW/nowindnoslope, ReplicateNum, 30, seed, 7734, ROSCV, 0.13, MeanBurnout, 3, CellArea, 1000000.0, NCells, 400, Burntcells, 1, NonBurnable, 0, StillAvailableCells, 399, SimYears, 1, fireperiods1, 5
infolder, /export/home/dlwoodruff/Documents/FireSimulator/Instances/400CellsDLW/nowindnoslope, ReplicateNum, 31, seed, 7734, ROSCV, 0.13, MeanBurnout, 3, CellArea, 1000000.0, NCells, 400, Burntcells, 358, NonBurnable, 0, StillAvailableCells, 42, SimYears, 1, fireperiods1, 149
infolder, /export/home/dlwoodruff/Documents/FireSimulator/Instances/400CellsDLW/nowindnoslope, ReplicateNum, 32, seed, 7734, ROSCV, 0.13, MeanBurnout, 3, CellArea, 1000000.0, NCells, 400, Burntcells, 1, NonBurnable, 0, StillAvailableCells, 399, SimYears, 1, fireperiods1, 3
infolder, /export/home/dlwoodruff/Documents/FireSimulator/Instances/400CellsDLW/nowindnoslope, ReplicateNum, 33, seed, 7734, ROSCV, 0.13, MeanBurnout, 3, CellArea, 1000000.0, NCells, 400, Burntcells, 1, NonBurnable, 0, StillAvailableCells, 399, SimYears, 1, fireperiods1, 3
infolder, /export/home/dlwoodruff/Documents/FireSimulator/Instances/400CellsDLW/nowindnoslope, ReplicateNum, 34, seed, 7734, ROSCV, 0.13, MeanBurnout, 3, CellArea, 1000000.0, NCells, 400, Burntcells, 1, NonBurnable, 0, StillAvailableCells, 399, SimYears, 1, fireperiods1, 2
infolder, /export/home/dlwoodruff/Documents/FireSimulator/Instances/400CellsDLW/nowindnoslope, ReplicateNum, 35, seed, 7734, ROSCV, 0.13, MeanBurnout, 3, CellArea, 1000000.0, NCells, 400, Burntcells, 1, NonBurnable, 0, StillAvailableCells, 399, SimYears, 1, fireperiods1, 3
infolder, /export/home/dlwoodruff/Documents/FireSimulator/Instances/400CellsDLW/nowindnoslope, ReplicateNum, 36, seed, 7734, ROSCV, 0.13, MeanBurnout, 3, CellArea, 1000000.0, NCells, 400, Burntcells, 1, NonBurnable, 0, StillAvailableCells, 399, SimYears, 1, fireperiods1, 3
infolder, /export/home/dlwoodruff/Documents/FireSimulator/Instances/400CellsDLW/nowindnoslope, ReplicateNum, 37, seed, 7734, ROSCV, 0.13, MeanBurnout, 3, CellArea, 1000000.0, NCells, 400, Burntcells, 1, NonBurnable, 0, StillAvailableCells, 399, SimYears, 1, fireperiods1, 5
infolder, /export/home/dlwoodruff/Documents/FireSimulator/Instances/400CellsDLW/nowindnoslope, ReplicateNum, 38, seed, 7734, ROSCV, 0.13, MeanBurnout, 3, CellArea, 1000000.0, NCells, 400, Burntcells, 1, NonBurnable, 0, StillAvailableCells, 399, SimYears, 1, fireperiods1, 2
infolder, /export/home/dlwoodruff/Documents/FireSimulator/Instances/400CellsDLW/nowindnoslope, ReplicateNum, 39, seed, 7734, ROSCV, 0.13, MeanBurnout, 3, CellArea, 1000000.0, NCells, 400, Burntcells, 1, NonBurnable, 0, StillAvailableCells, 399, SimYears, 1, fireperiods1, 3
infolder, /export/home/dlwoodruff/Documents/FireSimulator/Instances/400CellsDLW/nowindnoslope, ReplicateNum, 40, seed, 7734, ROSCV, 0.13, MeanBurnout, 3, CellArea, 1000000.0, NCells, 400, Burntcells, 1, NonBurnable, 0, StillAvailableCells, 399, SimYears, 1, fireperiods1, 3
infolder, /export/home/dlwoodruff/Documents/FireSimulator/Instances/400CellsDLW/nowindnoslope, ReplicateNum, 41, seed, 7734, ROSCV, 0.13, MeanBurnout, 3, CellArea, 1000000.0, NCells, 400, Burntcells, 1, NonBurnable, 0, StillAvailableCells, 399, SimYears, 1, fireperiods1, 3
infolder, /export/home/dlwoodruff/Documents/FireSimulator/Instances/400CellsDLW/nowindnoslope, ReplicateNum, 42, seed, 7734, ROSCV, 0.13, MeanBurnout, 3, CellArea, 1000000.0, NCells, 400, Burntcells, 1, NonBurnable, 0, StillAvailableCells, 399, SimYears, 1, fireperiods1, 3
infolder, /export/home/dlwoodruff/Documents/FireSimulator/Instances/400CellsDLW/nowindnoslope, ReplicateNum, 43, seed, 7734, ROSCV, 0.13, MeanBurnout, 3, CellArea, 1000000.0, NCells, 400, Burntcells, 1, NonBurnable, 0, StillAvailableCells, 399, SimYears, 1, fireperiods1, 3
infolder, /export/home/dlwoodruff/Documents/FireSimulator/Instances/400CellsDLW/nowindnoslope, ReplicateNum, 44, seed, 7734, ROSCV, 0.13, MeanBurnout, 3, CellArea, 1000000.0, NCells, 400, Burntcells, 1, NonBurnable, 0, StillAvailableCells, 399, SimYears, 1, fireperiods1, 4
infolder, /export/home/dlwoodruff/Documents/FireSimulator/Instances/400CellsDLW/nowindnoslope, ReplicateNum, 45, seed, 7734, ROSCV, 0.13, MeanBurnout, 3, CellArea, 1000000.0, NCells, 400, Burntcells, 1, NonBurnable, 0, StillAvailableCells, 399, SimYears, 1, fireperiods1, 5
infolder, /export/home/dlwoodruff/Documents/FireSimulator/Instances/400CellsDLW/nowindnoslope, ReplicateNum, 46, seed, 7734, ROSCV, 0.13, MeanBurnout, 3, CellArea, 1000000.0, NCells, 400, Burntcells, 1, NonBurnable, 0, StillAvailableCells, 399, SimYears, 1, fireperiods1, 5
infolder, /export/home/dlwoodruff/Documents/FireSimulator/Instances/400CellsDLW/nowindnoslope, ReplicateNum, 47, seed, 7734, ROSCV, 0.13, MeanBurnout, 3, CellArea, 1000000.0, NCells, 400, Burntcells, 1, NonBurnable, 0, StillAvailableCells, 399, SimYears, 1, fireperiods1, 3
infolder, /export/home/dlwoodruff/Documents/FireSimulator/Instances/400CellsDLW/nowindnoslope, ReplicateNum, 48, seed, 7734, ROSCV, 0.13, MeanBurnout, 3, CellArea, 1000000.0, NCells, 400, Burntcells, 1, NonBurnable, 0, StillAvailableCells, 399, SimYears, 1, fireperiods1, 5
infolder, /export/home/dlwoodruff/Documents/FireSimulator/Instances/400CellsDLW/nowindnoslope, ReplicateNum, 49, seed, 7734, ROSCV, 0.13, MeanBurnout, 3, CellArea, 1000000.0, NCells, 400, Burntcells, 1, NonBurnable, 0, StillAvailableCells, 399, SimYears, 1, fireperiods1, 5
infolder, /export/home/dlwoodruff/Documents/FireSimulator/Instances/400CellsDLW/nowindnoslope, ReplicateNum, 50, seed, 7734, ROSCV, 0.13, MeanBurnout, 3, CellArea, 1000000.0, NCells, 400, Burntcells, 1, NonBurnable, 0, StillAvailableCells, 399, SimYears, 1, fireperiods1, 4
infolder, /export/home/dlwoodruff/Documents/FireSimulator/Instances/400CellsDLW/nowindnoslope, ReplicateNum, 51, seed, 7734, ROSCV, 0.13, MeanBurnout, 3, CellArea, 1000000.0, NCells, 400, Burntcells, 1, NonBurnable, 0, StillAvailableCells, 399, SimYears, 1, fireperiods1, 3
infolder, /export/home/dlwoodruff/Documents/FireSimulator/Instances/400CellsDLW/nowindnoslope, ReplicateNum, 52, seed, 7734, ROSCV, 0.13, MeanBurnout, 3, CellArea, 1000000.0, NCells, 400, Burntcells, 380, NonBurnable, 0, StillAvailableCells, 20, SimYears, 1, fireperiods1, 173
infolder, /export/home/dlwoodruff/Documents/FireSimulator/Instances/400CellsDLW/nowindnoslope, ReplicateNum, 53, seed, 7734, ROSCV, 0.13, MeanBurnout, 3, CellArea, 1000000.0, NCells, 400, Burntcells, 1, NonBurnable, 0, StillAvailableCells, 399, SimYears, 1, fireperiods1, 5
infolder, /export/home/dlwoodruff/Documents/FireSimulator/Instances/400CellsDLW/nowindnoslope, ReplicateNum, 54, seed, 7734, ROSCV, 0.13, MeanBurnout, 3, CellArea, 1000000.0, NCells, 400, Burntcells, 1, NonBurnable, 0, StillAvailableCells, 399, SimYears, 1, fireperiods1, 3
infolder, /export/home/dlwoodruff/Documents/FireSimulator/Instances/400CellsDLW/nowindnoslope, ReplicateNum, 55, seed, 7734, ROSCV, 0.13, MeanBurnout, 3, CellArea, 1000000.0, NCells, 400, Burntcells, 1, NonBurnable, 0, StillAvailableCells, 399, SimYears, 1, fireperiods1, 3
infolder, /export/home/dlwoodruff/Documents/FireSimulator/Instances/400CellsDLW/nowindnoslope, ReplicateNum, 56, seed, 7734, ROSCV, 0.13, MeanBurnout, 3, CellArea, 1000000.0, NCells, 400, Burntcells, 1, NonBurnable, 0, StillAvailableCells, 399, SimYears, 1, fireperiods1, 3
infolder, /export/home/dlwoodruff/Documents/FireSimulator/Instances/400CellsDLW/nowindnoslope, ReplicateNum, 57, seed, 7734, ROSCV, 0.13, MeanBurnout, 3, CellArea, 1000000.0, NCells, 400, Burntcells, 1, NonBurnable, 0, StillAvailableCells, 399, SimYears, 1, fireperiods1, 4
infolder, /export/home/dlwoodruff/Documents/FireSimulator/Instances/400CellsDLW/nowindnoslope, ReplicateNum, 58, seed, 7734, ROSCV, 0.13, MeanBurnout, 3, CellArea, 1000000.0, NCells, 400, Burntcells, 1, NonBurnable, 0, StillAvailableCells, 399, SimYears, 1, fireperiods1, 3
infolder, /export/home/dlwoodruff/Documents/FireSimulator/Instances/400CellsDLW/nowindnoslope, ReplicateNum, 59, seed, 7734, ROSCV, 0.13, MeanBurnout, 3, CellArea, 1000000.0, NCells, 400, Burntcells, 1, NonBurnable, 0, StillAvailableCells, 399, SimYears, 1, fireperiods1, 3
infolder, /export/home/dlwoodruff/Documents/FireSimulator/Instances/400CellsDLW/nowindnoslope, ReplicateNum, 60, seed, 7734, ROSCV, 0.13, MeanBurnout, 3, CellArea, 1000000.0, NCells, 400, Burntcells, 1, NonBurnable, 0, StillAvailableCells, 399, SimYears, 1, fireperiods1, 3
infolder, /export/home/dlwoodruff/Documents/FireSimulator/Instances/400CellsDLW/nowindnoslope, ReplicateNum, 61, seed, 7734, ROSCV, 0.13, MeanBurnout, 3, CellArea, 1000000.0, NCells, 400, Burntcells, 1, NonBurnable, 0, StillAvailableCells, 399, SimYears, 1, fireperiods1, 2
infolder, /export/home/dlwoodruff/Documents/FireSimulator/Instances/400CellsDLW/nowindnoslope, ReplicateNum, 62, seed, 7734, ROSCV, 0.13, MeanBurnout, 3, CellArea, 1000000.0, NCells, 400, Burntcells, 1, NonBurnable, 0, StillAvailableCells, 399, SimYears, 1, fireperiods1, 4
infolder, /export/home/dlwoodruff/Documents/FireSimulator/Instances/400CellsDLW/nowindnoslope, ReplicateNum, 63, seed, 7734, ROSCV, 0.13, MeanBurnout, 3, CellArea, 1000000.0, NCells, 400, Burntcells, 1, NonBurnable, 0, StillAvailableCells, 399, SimYears, 1, fireperiods1, 5
infolder, /export/home/dlwoodruff/Documents/FireSimulator/Instances/400CellsDLW/nowindnoslope, ReplicateNum, 64, seed, 7734, ROSCV, 0.13, MeanBurnout, 3, CellArea, 1000000.0, NCells, 400, Burntcells, 1, NonBurnable, 0, StillAvailableCells, 399, SimYears, 1, fireperiods1, 4
infolder, /export/home/dlwoodruff/Documents/FireSimulator/Instances/400CellsDLW/nowindnoslope, ReplicateNum, 65, seed, 7734, ROSCV, 0.13, MeanBurnout, 3, CellArea, 1000000.0, NCells, 400, Burntcells, 1, NonBurnable, 0, StillAvailableCells, 399, SimYears, 1, fireperiods1, 2
infolder, /export/home/dlwoodruff/Documents/FireSimulator/Instances/400CellsDLW/nowindnoslope, ReplicateNum, 66, seed, 7734, ROSCV, 0.13, MeanBurnout, 3, CellArea, 1000000.0, NCells, 400, Burntcells, 1, NonBurnable, 0, StillAvailableCells, 399, SimYears, 1, fireperiods1, 5
infolder, /export/home/dlwoodruff/Documents/FireSimulator/Instances/400CellsDLW/nowindnoslope, ReplicateNum, 67, seed, 7734, ROSCV, 0.13, MeanBurnout, 3, CellArea, 1000000.0, NCells, 400, Burntcells, 1, NonBurnable, 0, StillAvailableCells, 399, SimYears, 1, fireperiods1, 2
infolder, /export/home/dlwoodruff/Documents/FireSimulator/Instances/400CellsDLW/nowindnoslope, ReplicateNum, 68, seed, 7734, ROSCV, 0.13, MeanBurnout, 3, CellArea, 1000000.0, NCells, 400, Burntcells, 1, NonBurnable, 0, StillAvailableCells, 399, SimYears, 1, fireperiods1, 2
infolder, /export/home/dlwoodruff/Documents/FireSimulator/Instances/400CellsDLW/nowindnoslope, ReplicateNum, 69, seed, 7734, ROSCV, 0.13, MeanBurnout, 3, CellArea, 1000000.0, NCells, 400, Burntcells, 1, NonBurnable, 0, StillAvailableCells, 399, SimYears, 1, fireperiods1, 4
infolder, /export/home/dlwoodruff/Documents/FireSimulator/Instances/400CellsDLW/nowindnoslope, ReplicateNum, 70, seed, 7734, ROSCV, 0.13, MeanBurnout, 3, CellArea, 1000000.0, NCells, 400, Burntcells, 1, NonBurnable, 0, StillAvailableCells, 399, SimYears, 1, fireperiods1, 4
infolder, /export/home/dlwoodruff/Documents/FireSimulator/Instances/400CellsDLW/nowindnoslope, ReplicateNum, 71, seed, 7734, ROSCV, 0.13, MeanBurnout, 3, CellArea, 1000000.0, NCells, 400, Burntcells, 1, NonBurnable, 0, StillAvailableCells, 399, SimYears, 1, fireperiods1, 2
infolder, /export/home/dlwoodruff/Documents/FireSimulator/Instances/400CellsDLW/nowindnoslope, ReplicateNum, 72, seed, 7734, ROSCV, 0.13, MeanBurnout, 3, CellArea, 1000000.0, NCells, 400, Burntcells, 1, NonBurnable, 0, StillAvailableCells, 399, SimYears, 1, fireperiods1, 4
infolder, /export/home/dlwoodruff/Documents/FireSimulator/Instances/400CellsDLW/nowindnoslope, ReplicateNum, 73, seed, 7734, ROSCV, 0.13, MeanBurnout, 3, CellArea, 1000000.0, NCells, 400, Burntcells, 1, NonBurnable, 0, StillAvailableCells, 399, SimYears, 1, fireperiods1, 2
infolder, /export/home/dlwoodruff/Documents/FireSimulator/Instances/400CellsDLW/nowindnoslope, ReplicateNum, 74, seed, 7734, ROSCV, 0.13, MeanBurnout, 3, CellArea, 1000000.0, NCells, 400, Burntcells, 1, NonBurnable, 0, StillAvailableCells, 399, SimYears, 1, fireperiods1, 4
infolder, /export/home/dlwoodruff/Documents/FireSimulator/Instances/400CellsDLW/nowindnoslope, ReplicateNum, 75, seed, 7734, ROSCV, 0.13, MeanBurnout, 3, CellArea, 1000000.0, NCells, 400, Burntcells, 1, NonBurnable, 0, StillAvailableCells, 399, SimYears, 1, fireperiods1, 5
infolder, /export/home/dlwoodruff/Documents/FireSimulator/Instances/400CellsDLW/nowindnoslope, ReplicateNum, 76, seed, 7734, ROSCV, 0.13, MeanBurnout, 3, CellArea, 1000000.0, NCells, 400, Burntcells, 1, NonBurnable, 0, StillAvailableCells, 399, SimYears, 1, fireperiods1, 4
infolder, /export/home/dlwoodruff/Documents/FireSimulator/Instances/400CellsDLW/nowindnoslope, ReplicateNum, 77, seed, 7734, ROSCV, 0.13, MeanBurnout, 3, CellArea, 1000000.0, NCells, 400, Burntcells, 5, NonBurnable, 0, StillAvailableCells, 395, SimYears, 1, fireperiods1, 8
infolder, /export/home/dlwoodruff/Documents/FireSimulator/Instances/400CellsDLW/nowindnoslope, ReplicateNum, 78, seed, 7734, ROSCV, 0.13, MeanBurnout, 3, CellArea, 1000000.0, NCells, 400, Burntcells, 1, NonBurnable, 0, StillAvailableCells, 399, SimYears, 1, fireperiods1, 5
infolder, /export/home/dlwoodruff/Documents/FireSimulator/Instances/400CellsDLW/nowindnoslope, ReplicateNum, 79, seed, 7734, ROSCV, 0.13, MeanBurnout, 3, CellArea, 1000000.0, NCells, 400, Burntcells, 11, NonBurnable, 0, StillAvailableCells, 389, SimYears, 1, fireperiods1, 17
infolder, /export/home/dlwoodruff/Documents/FireSimulator/Instances/400CellsDLW/nowindnoslope, ReplicateNum, 80, seed, 7734, ROSCV, 0.13, MeanBurnout, 3, CellArea, 1000000.0, NCells, 400, Burntcells, 1, NonBurnable, 0, StillAvailableCells, 399, SimYears, 1, fireperiods1, 3
infolder, /export/home/dlwoodruff/Documents/FireSimulator/Instances/400CellsDLW/nowindnoslope, ReplicateNum, 81, seed, 7734, ROSCV, 0.13, MeanBurnout, 3, CellArea, 1000000.0, NCells, 400, Burntcells, 1, NonBurnable, 0, StillAvailableCells, 399, SimYears, 1, fireperiods1, 3
infolder, /export/home/dlwoodruff/Documents/FireSimulator/Instances/400CellsDLW/nowindnoslope, ReplicateNum, 82, seed, 7734, ROSCV, 0.13, MeanBurnout, 3, CellArea, 1000000.0, NCells, 400, Burntcells, 1, NonBurnable, 0, StillAvailableCells, 399, SimYears, 1, fireperiods1, 3
infolder, /export/home/dlwoodruff/Documents/FireSimulator/Instances/400CellsDLW/nowindnoslope, ReplicateNum, 83, seed, 7734, ROSCV, 0.13, MeanBurnout, 3, CellArea, 1000000.0, NCells, 400, Burntcells, 1, NonBurnable, 0, StillAvailableCells, 399, SimYears, 1, fireperiods1, 3
infolder, /export/home/dlwoodruff/Documents/FireSimulator/Instances/400CellsDLW/nowindnoslope, ReplicateNum, 84, seed, 7734, ROSCV, 0.13, MeanBurnout, 3, CellArea, 1000000.0, NCells, 400, Burntcells, 1, NonBurnable, 0, StillAvailableCells, 399, SimYears, 1, fireperiods1, 3
infolder, /export/home/dlwoodruff/Documents/FireSimulator/Instances/400CellsDLW/nowindnoslope, ReplicateNum, 85, seed, 7734, ROSCV, 0.13, MeanBurnout, 3, CellArea, 1000000.0, NCells, 400, Burntcells, 1, NonBurnable, 0, StillAvailableCells, 399, SimYears, 1, fireperiods1, 3
infolder, /export/home/dlwoodruff/Documents/FireSimulator/Instances/400CellsDLW/nowindnoslope, ReplicateNum, 86, seed, 7734, ROSCV, 0.13, MeanBurnout, 3, CellArea, 1000000.0, NCells, 400, Burntcells, 17, NonBurnable, 0, StillAvailableCells, 383, SimYears, 1, fireperiods1, 24
infolder, /export/home/dlwoodruff/Documents/FireSimulator/Instances/400CellsDLW/nowindnoslope, ReplicateNum, 87, seed, 7734, ROSCV, 0.13, MeanBurnout, 3, CellArea, 1000000.0, NCells, 400, Burntcells, 1, NonBurnable, 0, StillAvailableCells, 399, SimYears, 1, fireperiods1, 4
infolder, /export/home/dlwoodruff/Documents/FireSimulator/Instances/400CellsDLW/nowindnoslope, ReplicateNum, 88, seed, 7734, ROSCV, 0.13, MeanBurnout, 3, CellArea, 1000000.0, NCells, 400, Burntcells, 1, NonBurnable, 0, StillAvailableCells, 399, SimYears, 1, fireperiods1, 5
infolder, /export/home/dlwoodruff/Documents/FireSimulator/Instances/400CellsDLW/nowindnoslope, ReplicateNum, 89, seed, 7734, ROSCV, 0.13, MeanBurnout, 3, CellArea, 1000000.0, NCells, 400, Burntcells, 1, NonBurnable, 0, StillAvailableCells, 399, SimYears, 1, fireperiods1, 3
infolder, /export/home/dlwoodruff/Documents/FireSimulator/Instances/400CellsDLW/nowindnoslope, ReplicateNum, 90, seed, 7734, ROSCV, 0.13, MeanBurnout, 3, CellArea, 1000000.0, NCells, 400, Burntcells, 1, NonBurnable, 0, StillAvailableCells, 399, SimYears, 1, fireperiods1, 4
infolder, /export/home/dlwoodruff/Documents/FireSimulator/Instances/400CellsDLW/nowindnoslope, ReplicateNum, 91, seed, 7734, ROSCV, 0.13, MeanBurnout, 3, CellArea, 1000000.0, NCells, 400, Burntcells, 1, NonBurnable, 0, StillAvailableCells, 399, SimYears, 1, fireperiods1, 5
infolder, /export/home/dlwoodruff/Documents/FireSimulator/Instances/400CellsDLW/nowindnoslope, ReplicateNum, 92, seed, 7734, ROSCV, 0.13, MeanBurnout, 3, CellArea, 1000000.0, NCells, 400, Burntcells, 1, NonBurnable, 0, StillAvailableCells, 399, SimYears, 1, fireperiods1, 5
infolder, /export/home/dlwoodruff/Documents/FireSimulator/Instances/400CellsDLW/nowindnoslope, ReplicateNum, 93, seed, 7734, ROSCV, 0.13, MeanBurnout, 3, CellArea, 1000000.0, NCells, 400, Burntcells, 1, NonBurnable, 0, StillAvailableCells, 399, SimYears, 1, fireperiods1, 2
infolder, /export/home/dlwoodruff/Documents/FireSimulator/Instances/400CellsDLW/nowindnoslope, ReplicateNum, 94, seed, 7734, ROSCV, 0.13, MeanBurnout, 3, CellArea, 1000000.0, NCells, 400, Burntcells, 1, NonBurnable, 0, StillAvailableCells, 399, SimYears, 1, fireperiods1, 4
infolder, /export/home/dlwoodruff/Documents/FireSimulator/Instances/400CellsDLW/nowindnoslope, ReplicateNum, 95, seed, 7734, ROSCV, 0.13, MeanBurnout, 3, CellArea, 1000000.0, NCells, 400, Burntcells, 1, NonBurnable, 0, StillAvailableCells, 399, SimYears, 1, fireperiods1, 2
infolder, /export/home/dlwoodruff/Documents/FireSimulator/Instances/400CellsDLW/nowindnoslope, ReplicateNum, 96, seed, 7734, ROSCV, 0.13, MeanBurnout, 3, CellArea, 1000000.0, NCells, 400, Burntcells, 1, NonBurnable, 0, StillAvailableCells, 399, SimYears, 1, fireperiods1, 5
infolder, /export/home/dlwoodruff/Documents/FireSimulator/Instances/400CellsDLW/nowindnoslope, ReplicateNum, 97, seed, 7734, ROSCV, 0.13, MeanBurnout, 3, CellArea, 1000000.0, NCells, 400, Burntcells, 1, NonBurnable, 0, StillAvailableCells, 399, SimYears, 1, fireperiods1, 3
infolder, /export/home/dlwoodruff/Documents/FireSimulator/Instances/400CellsDLW/nowindnoslope, ReplicateNum, 98, seed, 7734, ROSCV, 0.13, MeanBurnout, 3, CellArea, 1000000.0, NCells, 400, Burntcells, 1, NonBurnable, 0, StillAvailableCells, 399, SimYears, 1, fireperiods1, 2
infolder, /export/home/dlwoodruff/Documents/FireSimulator/Instances/400CellsDLW/nowindnoslope, ReplicateNum, 99, seed, 7734, ROSCV, 0.13, MeanBurnout, 3, CellArea, 1000000.0, NCells, 400, Burntcells, 1, NonBurnable, 0, StillAvailableCells, 399, SimYears, 1, fireperiods1, 4
infolder, /export/home/dlwoodruff/Documents/FireSimulator/Instances/400CellsDLW/nowindnoslope, ReplicateNum, 100, seed, 7734, ROSCV, 0.13, MeanBurnout, 3, CellArea, 1000000.0, NCells, 400, Burntcells, 1, NonBurnable, 0, StillAvailableCells, 399, SimYears, 1, fireperiods1, 2
